,right_hip_deg,left_hip_deg,right_knee_deg,left_knee_deg,right_arm_deg,left_arm_deg,h_s_ratio
0,179.6576902862625,168.32574266081096,179.07491256705117,177.4866085249858,171.90905267828592,155.210266686796,1.130943768497204
1,179.7854495160561,168.33402447619883,178.95028288202204,177.50114446828914,173.34678695832,154.9818405806911,1.1616065261011155
2,179.78412787775986,168.32262839796059,178.94613452599964,177.49609851551915,173.30489451344647,153.65770049392,1.13126439302555
3,178.50053698296924,167.68439267223775,177.9024202668545,177.36851087828907,173.3178901721917,154.7433953679019,1.097561235243397
4,178.47996880660003,168.29133922693404,177.896114006829,177.48835590450733,173.46031456557756,156.3430921180309,1.1298576017013253
5,177.775715594943,169.315345234155,177.89841505788226,179.46177991963876,174.68523491370445,154.75706133007125,1.134253762565444
6,178.40396282405467,169.2097062636553,177.86799038775249,179.24601416732446,173.36634621766262,154.79707156604042,1.1004123530443932
7,178.4239680992006,169.33472461970126,177.8782382592625,179.4743949501665,171.7111758734426,154.77915781899617,1.1305391979471657
8,179.8191329695105,169.23683414294717,178.94474944595757,179.30173166032495,171.62849709975737,154.7076184175687,1.131946426611044
9,179.49352286409516,171.01400102616313,179.00931040086854,179.44755443895647,168.59731926951284,154.736263216232,1.2008908332577737
10,177.98161165439288,171.0559242205818,179.92083032786132,179.44370913887838,168.30551138033096,157.1241226724415,1.1933488351686914
11,177.2430633470353,176.75637476325522,179.95174019504003,176.33515805958567,170.02873374166862,156.26471462038907,1.1952006674277689
12,175.52154004876658,177.50371714915352,178.91604135555903,176.28439472454914,171.25765755200052,155.35274537462703,1.2672983418526376
13,173.9240123523657,179.18457095516573,178.79573793906485,175.37147411231058,165.33252223974063,155.16162573369485,1.2486716823939465
14,172.18350784709455,179.0232255644131,176.802510009786,173.5214409782254,169.74087680284904,153.5056300852783,1.2499442254778022
15,169.0418856266539,174.6935562446661,175.69187726901635,172.32756632065986,176.3015114666262,152.35815629346587,1.3316751085383505
16,166.3758314202013,165.99753844992506,174.45338358870055,167.1941826895847,176.4644434121838,150.73228216347874,1.2901396112784007
17,159.4127331655384,161.62875973313731,169.65378245081135,164.69512019159805,178.00133382923886,150.11527069346528,1.2915790396074294
18,153.9480458672415,161.34037214018778,166.30430500985887,164.59661257282707,176.53197623581767,150.25086874939322,1.3234510216840514
19,150.9618655266304,157.69697211042157,164.9046791106019,163.4310959428014,176.275419884197,150.14639044967032,1.3982016626138094
20,146.75845693550187,152.9325816538111,162.06826579308432,162.04075654272674,170.1905482873773,151.60933863622645,1.517163034185532
21,142.8887429828135,147.9751496207897,161.76768946912912,159.67881415838616,166.00838920871504,158.45701969075196,1.500962649210628
22,139.47935148102655,142.4567644642129,158.9780376959832,157.27915857863897,165.17099567132988,160.8818673721241,1.438771825481116
23,134.98910056368746,138.93227240775346,155.0558634340177,155.7967777616672,164.56227145032778,162.18856838949992,1.5645504562229706
24,128.5955682797896,136.09195563267167,151.02789396963422,155.9936917134416,168.00639069757014,162.21416044847953,1.4680984397072727
25,119.4518576817098,131.59098245240233,145.24433265474568,153.80748248833495,173.51049186838998,160.89066988054353,1.5134836500486835
26,115.48343235745094,130.17987803620568,144.1711497859354,155.2452459804689,173.86854577378514,160.53577834487857,1.5498149713946898
27,109.03797675481397,127.11877797948765,141.40424709293393,155.26377553678464,175.1515394575227,160.97964638527742,1.500111522979043
28,104.78907498608086,121.73939387691183,140.10432954775612,153.50202210782524,176.6491184609341,160.45249422165665,1.7151448282551496
29,103.20698589383207,114.01235527272064,137.2163822528427,150.17098465181252,176.76878185967217,161.3378562701129,1.6603547796705624
30,97.23157092427321,112.41023495874553,133.67610820391474,148.38280440463208,176.60545370267144,161.2489470117571,1.8104597311645774
31,96.36245433587254,100.22577470434156,133.52793619665428,136.39283529629978,176.6981172586313,165.4993923352273,1.8129697122030934
32,89.75074626674872,96.8075488283754,130.6071553755186,129.15431600237932,176.60924177809184,168.5421808176195,1.8113385351879077
33,84.57892069126345,90.16618293185006,126.56459864041246,125.31025201826124,176.80722435854136,166.24712077127901,1.6581437062568123
34,78.44030494108189,86.49625043008379,118.88585814042601,122.95913254857389,176.94997513412628,166.24373383034808,1.7509860317229147
35,73.87414531538897,81.99641599244211,115.04578503846942,121.62741597029459,176.55920220002187,164.06400120471034,1.8507336946271173
36,72.75744124982488,81.80995849370055,113.92241262800941,124.18780464480187,176.66963976214265,169.3372352762816,1.8212812424168876
37,67.52255177238777,76.29862216862539,110.60048145932195,116.03769716406067,176.77823427418414,172.13215138265934,1.8894505867520108
38,68.78662123576935,74.73466907166645,112.96474140902171,122.90852687378296,176.47099985162782,169.6424260766334,1.8285038023036468
39,69.56351389690394,72.26153326320267,111.28370701331907,120.90295847638465,175.12846349160347,171.4023400613879,1.9948159863433246
40,69.45347611259268,71.94666882078558,112.82621761433668,119.51362322169985,176.54272237114614,172.73089000193443,1.9606601908781118
41,66.0896440107149,71.52020018831375,110.98561829118634,119.619045861644,173.84202999139757,173.7796872351424,1.8940002576504626
42,66.34108930364307,70.04281295851061,110.71048724965019,118.7202170010124,176.69673470557308,177.1414151908071,1.9640104387934694
43,66.89843440086902,68.93963046187376,110.17739096831201,118.83870837236188,175.257716503809,179.2024451512244,2.0695571236305574
44,68.14633564873715,67.63039891061317,109.29109779910344,117.45278375366574,175.39766652953156,178.09618410756187,2.073518124740492
45,69.01848199794831,68.60700804418585,109.81658076351765,118.6435187368101,176.83910514546773,178.5580053615203,2.001213179987383
46,70.09733105455514,66.36516852730013,110.87371558835592,119.79358544350904,176.95871810805832,176.67123520455957,2.000836809934995
47,68.64431245466379,66.03057849868634,109.99129082279876,118.64685335130778,176.99371608417738,178.58170849999686,2.000642938593296
48,68.10854138202613,67.98441303005109,108.8756381494019,119.52398045895912,178.32824664229844,177.64266944224806,2.0738452634095403
49,69.04386544531154,69.60425500333145,108.51490101588435,119.31463295635695,178.3385180753956,177.45484982604583,2.1506173484037703
50,67.01481609858128,67.67580741543652,107.73697431761593,118.84795309626784,178.32631573843753,177.7251830936461,2.1502107832260915
51,66.74907606407892,68.00577807248443,106.87005216685996,119.09680240386248,178.32037133685552,177.714591465752,2.1499960846754185
52,66.72992678295792,66.9707166588163,106.83147826963662,118.05362158577643,178.35492781105182,175.49044878860755,2.148098889062744
53,66.14991637136411,65.04464725050133,106.55409396115019,115.35204777062908,176.82427472213533,176.04614062972357,2.0703035635723723
54,67.26499305114287,68.13075621269353,107.68056183613217,117.02621360379857,176.89040894737744,175.72162505532108,2.071012761677248
55,67.96721896257526,66.13588056523265,106.8154928808295,117.02028845777318,176.9486193221011,175.5275630365951,2.0709293848513037
56,67.17694061638925,67.17190282632481,107.26810737615905,117.04410742137736,176.81246974078695,175.95175963960097,2.0708011310084813
57,67.91934746625927,65.1243281770269,106.15288248129076,113.41609169000071,176.90158235507167,175.96417448588724,2.0711116139332004
58,66.00526433638235,69.60310568545816,104.56326717450717,117.47482861275435,178.26416651253692,176.45669708707322,2.146960692315715
59,67.39646621134759,68.63853118482572,105.31592235447278,115.76893708833687,175.2117610162544,174.9787825070316,2.0734448345729355
60,66.45288825683383,71.52917666517972,105.32853404865027,118.32538391783093,175.16657015644768,174.6879140500063,2.0726570461608125
61,66.62031239206692,67.09363474997743,106.43204794205938,114.43844284171654,178.23733415901586,174.94518856611666,2.0724338737469643
62,66.20597831082563,67.6286412180725,106.10426798690472,113.6194788576511,179.75833333466926,174.92806247572403,2.146927767354599
63,64.28962548197049,68.89094048996195,105.36903270813254,112.85694981040061,178.24414068228543,174.64727954370667,2.0724546529472425
64,65.7524162400392,70.45838948075006,106.87475581506025,112.25463405049922,174.973381706574,174.10685400105697,2.0728795864202962
65,66.63886546117686,70.84205975829794,105.82515385587475,110.02823069706487,174.96545778596536,173.8204875262599,2.072719497931106
66,68.34624016659728,71.8930649537271,107.89518730738814,110.64234210613105,176.5372991599643,174.1033258875243,2.146009744404783
67,69.38274782303901,71.38911175378163,106.93368613834531,111.32921003822159,176.55239700331595,172.8989429905486,2.0686341022161914
68,69.43480017936447,71.99008422855971,106.95418932002552,111.33234026378206,176.61198326472734,172.64827383843706,1.9967742717857913
69,72.84200377143733,73.9273574218463,107.85653838112933,115.87658461213537,176.5476841969012,173.1348928786664,2.0683919597989973
70,72.8464192280768,74.60042932207956,107.88354543374616,114.84688459674223,176.58815532583165,173.55510065624176,1.9977191939534378
71,73.81426392274794,73.93568204042728,110.70034424158617,118.94642811562586,176.6656454474547,170.5536858868705,1.8647380766223622
72,73.8163639700968,74.97729695851048,110.7833493812531,118.76461559305541,176.6022039221792,171.8294156866519,1.8644252118356082
73,75.43675388293002,77.21981883005621,112.00389927747842,120.7346820288592,176.6422149568875,173.26095481420762,1.8056792995237987
74,74.05364391962469,73.90458087729404,113.28730687972697,114.23306296051936,175.20538493815747,173.2206018498889,1.77502632040709
75,71.59194596548926,75.12155663164229,113.06387149632961,116.56866608338305,171.6313411476974,173.66409631574922,1.8324465074153757
76,72.43659226418386,78.64239585521439,112.30443354986735,116.27675066584665,171.4141451642863,174.04324862306362,1.771248630887185
77,74.3682078169958,81.79511246857783,115.1586243198026,119.05527685117579,171.57078829703354,176.8274918091068,1.8004188600215079
78,70.89795776184316,80.59250861533076,113.91880638260258,117.31699158761985,169.93159249299023,178.281425138146,1.8000860331906996
79,71.69816044766097,78.57563765525344,116.9190145103586,117.46157824605716,173.374440015317,178.89347989884058,1.8946185453566375
80,70.36750651105206,80.50794821444975,118.20995086912696,121.1263944648062,173.2662521590938,179.78515651199865,1.8330992933502452
81,74.1026104903376,87.4838653791275,121.82085385741685,125.85004639604173,174.71059381863523,178.99134625030058,1.8964235895392056
82,82.05835903499951,89.15728798456522,128.36882473195703,126.26389764340286,167.0273880808492,179.08936357438847,1.777481100562587
83,83.57195417931786,90.66081462219255,128.39432038588467,128.35991081145173,168.4382246997088,175.00987489985596,1.8006095005041405
84,82.55556039618861,96.72232885512324,130.02414778462065,136.57673386113692,170.35878728415997,175.80707272024992,1.7449537657317309
85,83.09266581790871,96.79912291138045,130.22255624795474,134.85184710681708,173.05986808634776,172.97041914176043,1.8244526571856277
86,87.53901551745322,100.33745221594549,132.6217742446496,139.5492794492109,167.230811372493,176.6685727791377,1.7196881050145747
87,95.60083632820788,112.92132299705978,139.89419313762184,159.87906581670924,167.38755427416112,175.67645656600143,1.7720847669347608
88,102.70249429749214,118.56086802950544,146.91466386136042,165.27097756149553,162.60185554376147,175.05994194247452,1.7444494441212948
89,105.90855909516576,120.80874645960913,148.96123540941247,164.36151181663013,166.94255555802022,176.652347205051,1.801096151015186
90,113.34487472374406,123.33684727866039,154.14487136286888,164.94789670171295,162.9862246251882,174.8899919944896,1.7758482441976688
91,116.55067212241111,123.10334391012856,156.33383606286785,165.26312370056314,166.92937650401228,174.83744272935576,1.8605106213458005
92,119.93007521924109,130.78312971188961,157.0105392139051,166.73834052264627,170.24315358674784,175.8185447645603,1.8926148431336858
93,124.18068896367647,133.59929893604772,157.5187972708614,167.74138100896116,173.47060629145957,172.2323078479174,1.9639590193926084
94,126.46339500509086,138.56222880154493,158.80189924407858,168.00397844906408,171.91741736987214,174.2585933743919,1.9244806076764411
95,128.10866816927452,141.33331880987035,159.96401125828956,169.21300243145362,173.81603683298343,173.8655402459535,1.8195604475531246
96,130.7317426542981,145.57048728709123,160.8771310131906,170.3962565944801,176.81566227744705,173.4746779689047,1.823651477458893
97,143.51445278903765,154.08939210952394,167.75583604592083,174.5004519701026,177.00965655869877,174.45589213730116,1.890301084388439
98,146.34972524064295,159.70798070162553,169.43799601351824,177.78509484856895,173.54838111608512,174.7405654805979,1.9587350419068852
99,150.24130638541735,163.51890494791442,170.81156000613356,178.93746930742213,175.26837968379945,170.6836817699807,1.9600906260222677
100,151.1567443811344,166.0551645117614,171.0749565415309,179.03544340920533,177.06638460285248,171.99096936115052,1.7750688206714262
101,157.3266009757433,168.89669817234804,174.39624277098676,179.9175850206473,179.85919437411232,169.3747876159176,1.8317980172921118
102,159.78321915803397,171.9517238661362,178.7348661846429,178.80473956433246,179.86477857077602,171.63714223124524,1.774327258372262
103,161.65011517935415,173.39075395520004,177.86379804028383,176.8692120636136,178.51427961030768,171.0142458629007,1.722264183057989
104,165.40006104634676,173.3886718196581,173.3229945338319,176.85700747381054,176.92843160405187,168.79510140199707,1.7722709407604467
105,167.62539512908006,176.14277764236527,173.1894485169607,175.7436719934998,179.9369466889219,170.24649215728527,1.7192087874731765
106,168.36319941753945,177.85259463013517,172.19640701782623,173.7863311081411,178.18684221986177,171.33973537284572,1.7178262484742342
107,168.99808481142978,179.68628688940274,172.30546727355335,173.80691332316584,173.38573873837728,175.0987514619849,1.6455527896909903
108,174.3780370327695,178.12263169744375,170.11014600472166,174.60652883711901,174.40021125616434,175.35343968306915,1.694362109423243
109,177.68046324721658,176.1972939178904,169.13518852564366,173.47514577593145,171.1755916879386,175.07712395523902,1.8026964273979817
110,177.24856212646307,175.56425787413303,171.2984703977655,173.4876156150585,169.57805984535966,173.5971552251122,1.8005931860218227
111,177.23641091757818,174.73975024625773,171.30749858413145,173.37441126571446,169.92315810587203,170.5685060044364,1.7171158743633277
112,177.34003676405214,176.44306725973402,171.22891098906737,174.45520707513091,171.69544616258034,173.46583573623258,1.6864742801407893
113,175.5685979347536,176.44877994654536,172.30251926631885,174.4483827189101,171.72209032667635,170.824842785274,1.6874031953491342
114,175.50195994995158,175.78434423906404,172.46199271594145,174.4313552527028,172.03080667640248,171.75544986711557,1.6391582592207088
115,177.20856875731374,174.27952385299503,170.34037951343203,173.60781348696773,171.50985072682195,171.87196379613604,1.6373681825671438
116,174.443893177343,175.86821105971927,173.4315950825878,174.53463445233967,171.8615912902364,169.25621731853607,1.6362709980237176
117,176.24824807438654,173.91782393679736,172.4323643561541,173.92304398624472,171.5683923838133,170.5445425564521,1.5895510448955106
118,176.43481214698275,174.57826530244392,172.3390085505326,173.93442597223975,171.48865142733064,169.03021821347173,1.6372520750520048
119,176.01981271092794,174.58515098549273,174.4563347167734,173.93159019207704,172.94711084034998,169.4782622330951,1.6852759044831822
120,175.90515767244915,174.45933278804821,174.45140897391212,173.8243045616423,173.02091597176627,169.55318958409129,1.6863250857136778
121,178.2055783755285,173.55937824711427,173.53910217796752,173.60125687437665,171.2759161455273,170.32662163800413,1.686757603099624
122,177.12178567850788,171.8742861211077,175.64388470879524,172.5861240909338,171.1676853392741,170.36521210626253,1.6878505268524828
123,176.18870989767967,171.99812239158328,177.84649437439188,172.70668748304436,171.3860547250698,170.24073165229672,1.6871171505918565
124,176.27057270788384,171.99295848947094,177.8505495872198,173.63307399454857,171.45545866038896,170.69632670800289,1.6891328840798456
125,175.53677193432577,172.7850005094999,177.86092161182373,173.7721306968546,170.02850388774766,172.45496996752402,1.6871137632992845
126,174.41038865979255,172.66747831434319,179.94644982444817,174.2853196348293,172.8663720178491,173.86867871348156,1.6365489759985175
127,173.64075530352727,171.83398117371695,179.97369376079487,174.36208297890335,169.62033027357037,175.30979438667754,1.6653172641120717
128,174.3051242085083,172.53773062847335,178.98723416614195,173.51435922913495,169.62175006379562,176.55329027823012,1.715507635491505
129,174.43948823906203,172.68093163681962,178.9914483468464,173.66009447004762,169.56313939108014,177.01366934964443,1.715820198482194
130,174.58947956251632,172.8640873702426,178.9922023396913,173.82104736111867,170.29930029265262,176.71941872559907,1.7182814210263442
131,174.59784307096032,173.8461463374692,178.98014221549758,175.74860714935875,173.0802583355863,176.70594170148254,1.718550083951458
132,173.7102682067449,175.56771529345545,178.93107695659427,177.8262139630698,171.59986463264775,175.24385558916848,1.7196997086408188
133,173.6367888243647,177.69543104114774,178.8661961432637,178.08722146195413,171.23285686434085,173.37027330045305,1.6906542155475912
134,172.88744025720692,179.34891017188033,178.90463015569122,176.09457538121978,176.0083654202791,174.89301657617213,1.6888962066731108
135,170.3613003960537,177.5376031255934,176.67753649928366,174.05299569045044,171.45464563400935,171.45797866823747,1.7709809935914995
136,168.1324997848645,173.92751223245563,176.41109462709503,173.019190798431,176.5237695787335,166.40181169667918,1.737522983976884
137,165.88137935659563,172.78322224299887,174.25221210201042,171.00076378302728,175.11540567158738,167.26585411600226,1.656394731251328
138,160.42112404652045,171.90062390560763,169.60820247999675,170.98263243277694,178.189803352745,167.55609232420161,1.7078239742593555
139,155.8596076595461,171.83540631157615,163.51593319985568,170.83775373792358,178.77673533387087,166.1759524101563,1.6772858191057136
140,149.59059014319408,165.63805321851018,159.57905091427202,167.72490807567638,179.86092694718135,165.7217477587753,1.6467836129159492
141,146.62598624689696,159.5016244491376,158.6668826571142,165.68090676490766,176.7834831267424,162.34832777364997,1.7569628258883607
142,143.69920887904425,159.56643238828133,158.9499134429269,166.68094679693715,172.09803517441637,161.19912743215005,1.6689848112448886
143,140.7850826442063,154.94671535845154,157.77996700344224,164.61293365462657,170.525488300604,166.5531905500269,1.7335493152391843
144,137.53064754992573,154.1689750674274,154.4777938671414,164.1728902505592,167.41001487228834,166.61961690920637,1.7111284166191376
145,134.66980140299123,151.1918982759851,152.30815462607222,162.82119691165022,173.43689264859037,168.01561578306877,1.7106076887651052
146,135.69595618105276,146.14781777579475,154.37269383209141,160.2373457225552,173.65972639762342,168.2566774488765,1.7402262810533455
147,130.38724259708127,137.64555885688677,151.70446442311714,156.53100162872232,175.16207356641505,165.104033509748,1.8564297404722943
148,125.21533828480067,134.01378894858203,150.05145280529464,156.49736988244396,173.08718885065386,164.4769649572055,1.859402254714884
149,119.17295318209234,129.58638015071696,145.75432269769107,155.57306781880254,173.78951798967464,163.24988842135218,1.9599567643657945
150,119.31223891918252,128.07952862093262,147.78213311391838,155.8966093285265,175.41231260061386,161.6042641188897,1.9229271601371654
151,119.75797858993532,126.29528647410312,149.9472057845548,154.69881744063872,172.2854556812044,158.83216972418012,1.820036385688295
152,112.71410859339356,126.81368353510362,148.35817797576382,159.95912364240098,167.26867646360225,160.65575658787006,1.6433492896342479
153,115.91089637905453,127.50550829487071,150.2614221207683,160.668037705544,168.00915922722564,158.9737870779034,1.6163702239789195
154,118.0025286241913,126.10822212252332,152.56087568534542,163.4358288339451,170.39095888777288,162.0668662088471,1.6146555506801235
155,111.4942195243522,122.71833328587505,148.81190274207495,162.67715147272907,167.89391859863397,161.62399340794155,1.5645593299604603
156,106.02935950970607,123.38815462486941,143.12476744015981,164.4736198512885,166.8237533420615,161.25812016084348,1.6147571538208516
157,107.16055952177541,118.31549410717916,143.5855903927083,160.06655297253246,167.42277773169155,163.89203407344095,1.6155872378255585
158,98.10306815336806,114.15171619765376,138.48776838323232,154.79948578573436,166.25600637118202,164.34662282130247,1.616403480856386
159,94.47172105404478,111.9140270079582,135.3731869778265,154.72015070837998,166.27551172286272,166.30274261219935,1.6135972555595732
160,91.94003548958933,106.44120260212186,134.10334148707213,152.13557275712398,166.6980647037869,165.85700078661267,1.6173960792927367
161,90.13526254912257,106.59764898973172,131.27715427460913,150.60047146882908,167.53503289868976,168.71134544847948,1.6157805212620022
162,85.3091524537817,100.72797481760054,129.4692829964543,139.3530373781242,166.58502213056312,168.95749509383907,1.615248655176198
163,82.35399224584837,93.52926752575524,125.12703843659273,130.54934204560448,168.26396193223366,170.9170594540992,1.6904608688530354
164,80.57010098429869,90.94402127062291,123.18596487995312,129.30090424595855,167.57661175026558,170.8869706608694,1.7252604319244411
165,79.22382352121556,88.98863549888927,119.47359024057769,127.1648195868305,167.20800527554158,170.94167464950542,1.6671120572515623
166,75.16040568682047,86.02664485502065,114.74448508308936,121.57176939564869,165.46396843174793,168.6936889714247,1.72569908351499
167,71.84151340294511,83.4655145469558,112.70957080202922,119.58893789761592,167.11198242628046,168.64191588296902,1.693400372701381
168,68.63895018052317,80.35252925389905,110.26005657612656,117.28682977047468,166.94186004389698,169.94410680389038,1.7258351684393014
169,69.41893306714645,81.94592791025063,110.82552573153879,116.53506975659991,167.82218382264068,170.02979895368946,1.7251271474441616
170,69.06885266384207,79.781355925841,110.37745450850765,114.00458435250312,166.970462136343,169.72472746079694,1.8555211933782048
171,68.10738999235522,79.72856669256413,110.7881306958147,115.69186397684477,168.3321890652246,169.49417729111397,1.785926672087577
172,68.00102531208239,79.55871885116353,110.5931497673953,117.86603339017648,167.8694025883523,169.9235478495124,1.7229523352564617
173,68.5140151866727,77.22892503181875,112.23058341004294,113.75190434387282,166.3345772590454,171.25670653085626,1.6711366756293742
174,67.17569820511832,74.8878272406106,109.45664676710663,111.07050478610189,170.25399749497436,168.09429444191437,1.750360488082687
175,66.12209506307192,72.77866508430195,108.3682751744761,111.40495604530629,168.62627951439637,169.11718998328655,1.7222787623559677
176,65.52149101561257,74.49215625295051,107.85397523887099,111.8535381009471,171.31441486028513,172.01499655373775,1.8182909090909092
177,64.88598283362597,73.07077057155806,106.76301257519529,111.86932036626996,171.84189022649062,173.3812095241501,1.6698764843989249
178,62.74020200053656,71.13184938319156,107.94245506437858,107.30829035958189,174.96138611291528,171.02841615939877,1.668997642578657
179,61.464275411856505,73.0417725191241,107.13053958999294,105.46122115387772,171.83099529113454,168.8059142388865,1.7282856003565312
180,60.72299966130438,73.88235214750603,105.32543779184829,108.40797944277259,169.16553777713617,172.14243868513412,1.7605240625403178
181,63.20796024892058,72.76326173104228,107.61001752271123,108.53237277765432,166.9522898935985,173.76488136866135,1.7000860975167669
182,63.038003033094235,73.6378392197658,106.49677897772213,105.39131110178678,167.40055718188347,173.920944074821,1.757599166637405
183,63.071356197668635,73.95868772930758,106.52028055667974,107.59527768694618,166.96609799673067,173.89298136665693,1.7598692304988217
184,62.10057539058017,74.0025723973102,106.45337932150792,106.7325128288023,166.87691769449006,174.9914412960097,1.792432280504514
185,62.12016747936567,74.51864568272572,106.77913094749174,107.50993093388972,168.29778755078078,177.34283495572407,1.7383380022910035
186,62.106691857134514,73.66964357032758,103.58364938582707,105.8318893587082,169.00075780429555,177.96821369480986,1.7701068664226387
187,62.09154920256072,73.64494172432586,102.91262158111381,105.75788689854939,169.35742061621102,179.27628356817542,1.8047170132389483
188,59.20213710012788,74.55130172355118,99.99887155953802,106.23176353702934,168.6811878418864,178.42570261373078,1.8347234814143238
189,60.25191685324204,74.2679977928881,100.97964554329039,105.36600348450742,169.02339919244557,179.75395167419757,1.7787300436210993
190,60.664963431298254,77.50208844690947,100.6025392761257,105.72524104534784,168.6819205006228,179.52031870860455,1.7794271148077765
191,61.36738898377755,76.87559255914827,101.67988560898064,106.96487442640806,170.20334837241842,179.57566118214103,1.8963151177359094
192,61.343999329122894,75.34437143245931,101.69092810193398,105.0110714464318,170.23658737367666,179.74928145421097,1.8371014032420891
193,61.3622124270908,77.0077254283688,101.72380148517557,107.48440375447336,170.18146069526028,179.46465885659654,1.835973915508929
194,62.425814802253285,76.41714518391377,102.80279833903613,107.06596344170316,166.48881672787078,179.32321796261007,1.8946881838714582
195,63.38587144805322,76.97580906085304,102.84161598848834,107.09330709766006,167.17918449533846,179.75754745943547,1.8368766165993566
196,63.295225839693614,76.09289984407968,104.67355042637182,107.98549941257913,166.9165089475401,179.96442908145409,1.8336656771883693
197,67.59175902134938,76.96129211521188,106.64215366932395,108.85769110269447,167.3854710173733,179.52271542650666,1.8331596946979813
198,68.07393173773033,77.32294333057663,109.42354138596266,111.78187548627334,170.26207342009187,179.53386823405216,1.8967174677608434
199,67.34312434324573,74.13451198535856,108.692253262398,110.05843074218156,173.52989143995927,177.84790408146483,2.06990667371016
200,69.30163400299693,74.73209082373207,110.65790917689692,112.4384067618966,171.4803603378546,179.0191106228246,1.9986044366778324
201,69.39557859619701,74.77471118062454,111.76722521305476,113.35218405925882,172.84287708089136,177.8334782318967,1.9296656114689057
202,70.7696488950724,74.48257441363677,115.03248532597266,113.9638972277872,171.21625032057264,178.3706269697011,1.9304584304584325
203,70.83676945774891,70.4754687525934,115.45353701189691,111.40297216898975,172.8278187136586,177.70865838147324,1.9935099171478792
204,67.8580249386854,74.22756822664932,116.20822663316923,114.29532351449737,171.30673181821638,176.58509298975403,1.9281419669861162
205,65.32556796348528,75.83005486549467,115.91839982478652,117.3672653245742,173.00607806632405,173.75160769551096,1.9995344799386028
206,70.63841958703911,77.1449701733909,120.80696166122071,119.86800422611081,174.74599189211506,173.15381703040885,2.0327062847370687
207,71.11332339782102,82.38900423612918,125.66310911444722,125.07518455013853,174.46617830751666,172.23214555859136,2.033841586151368
208,76.28649797073938,86.6051882078208,128.19704921505524,128.6361542058004,171.32901431235925,171.13845865939857,2.034620807734918
209,83.16095992474344,87.46092910354112,129.52212898084434,131.32294584991587,171.93395063692705,170.67669867901145,1.9968560577479326
210,84.22778877608293,93.54735720316262,132.05241946850532,136.1369009219824,171.94912598953954,169.58817934644827,1.9296676590315314
211,88.07421923938958,95.23343751265726,134.74495800105092,135.96469776339262,174.76075401261784,169.0472376985744,1.9963920700969233
212,91.67028724157144,103.09289255967164,136.9607914826431,142.86310577259343,173.61266661657405,170.0273736634801,1.8632748345924655
213,102.74456681584367,113.72833729891954,147.96615168124796,161.21995829957234,166.84584473289337,168.80875302290633,1.9595420039213693
214,104.03617927389956,116.12409845063536,150.23529117226138,163.89678384509625,166.52297041071787,168.27134311799773,1.9606699190263033
215,108.72001445214815,116.89553125463237,153.68851749505592,162.168916590556,167.2011092189701,167.7533244597284,1.9282305687412629
216,114.53122099506052,122.35490084664784,157.0446536463606,167.58561858840685,166.9241014889518,170.0684805854095,1.8213060086097146
217,119.08466635787178,125.03727168323498,159.45002943298599,166.26533095486582,167.48470225340634,170.76406367941243,1.8896647166132003
218,120.8516149785829,129.702911214451,158.41141866645816,166.9359720010137,167.2712579993731,169.49469357490756,1.7054802298380682
219,122.04754466869086,131.00518961239538,158.96310726575138,166.93950147032135,170.05340162694003,172.29911062087962,1.6997824756984579
220,124.58373660211743,136.27042493299388,160.8705111821091,167.3452196568014,167.64254067334969,172.06583333745286,1.7017097992942973
221,131.64332714631266,140.9754685118839,166.45547813853224,169.31873633133787,171.87932434907967,171.33758743042253,1.7237352262477863
222,135.3672874037966,143.4900997035948,169.1740801218016,169.39919351225439,173.60301233558016,171.82072334476976,1.7853132692284357
223,137.35076324528492,147.13573035676882,168.47655610615996,170.5417778631301,173.47301804121523,169.26394294052912,1.7243014731714172
224,149.45824817957705,153.30355694636668,173.03745787104057,173.65473465332997,176.8285645729093,167.9104327283493,1.753916346118845
225,153.9105844673782,161.7260863201893,176.38530351480108,177.911522373803,176.5441707330972,165.7455367092204,1.8189386686702453
226,154.62230130405138,165.3847454110761,175.44797117993394,178.9876226497006,179.76927649421208,164.7370318358106,1.757561215412708
227,156.48379318060427,167.37544604190649,175.51106860495102,178.95809658262195,178.18395854666025,169.41958097753763,1.732878108438647
228,156.76725690848622,170.08605110769983,174.28051535595623,179.959118393941,178.1166514056145,170.05772994960353,1.710680442221636
229,160.39521804780267,173.98577242691022,177.6964434868629,177.88347830431292,178.10966591688918,169.15392742760667,1.7416543331688863
230,164.14061487185995,177.7802534997987,178.9200579994934,175.64084504523743,178.0824260744976,167.70669954615863,1.739905743095136
231,170.25428511738968,178.54934567002158,172.00811154636634,175.54677786335333,179.80820865358675,170.94107454742556,1.6898208174803906
232,172.91727252854878,179.80056239887531,168.79370023808994,174.69739053548972,176.87700098967522,171.2549050823163,1.6870150410258034
233,175.34979612173106,177.38558680606306,167.78484789051964,172.69579695615369,178.21941725865153,170.68211550324392,1.6370847283028587
234,176.38246820172355,176.07431154156473,169.98747154213947,172.74510040612384,172.8731470839579,173.07780318370388,1.6875961997770834
235,177.8793962090141,175.3565325148354,169.9822225895581,172.70295085382642,176.21832473281626,175.057302440923,1.7711335464938027
236,178.35149032062228,174.68171545735026,170.07445845195997,173.5960666641332,171.16040077202763,174.59476859674064,1.7699573164058224
237,178.8666907728083,173.98545608816642,169.05855021326317,172.70380035194748,170.54034159374785,175.43290008381578,1.7702593192868716
238,178.777726355648,171.5486454795238,168.03459626248966,171.57812796572037,170.2274854537513,175.7790882779279,1.687713745565775
239,179.52835284559214,170.8651322063885,169.11824418686487,171.579031642457,170.2436948442612,173.9323056778142,1.6359677120441471
240,178.47362433622723,170.70662814672824,171.19242076241682,172.2942267380736,170.23225041727508,173.4628892732975,1.6353512690146368
241,178.4521813736477,170.8747202186505,172.28095943424378,171.60858470193483,169.85912059949538,174.78863763687687,1.6638456469813023
242,178.4027246463327,172.3438859991997,171.14171672895435,173.29440746275228,169.5092250977881,173.88848028779032,1.636315892450752
243,179.93370141899027,170.83645755503568,171.15155799911682,171.57196512986783,169.9441271710783,173.69006978067375,1.635218442854937
244,178.1753938540113,172.48513092304177,171.15557522341226,173.46474411195766,169.61675393750767,173.67109165493738,1.636311215453685
245,178.87168422903653,170.69225778591422,173.28587520017317,172.30950196853246,169.93625105003377,173.70117172676598,1.636516223368654
246,178.89045506631288,170.68837522136286,173.31401343437997,172.29868888402697,169.97447179994,173.7049321008752,1.6361717245569432
247,178.85867030003251,171.68774039942917,173.36827626723954,173.28323162451346,169.68936154343078,173.66182306686707,1.6361501622122656
248,178.84281108804407,171.69615134643607,173.35830600342302,173.26400087030237,169.69758638427896,173.67241183640073,1.6361220137837253
249,177.59724283021896,171.6982113464344,175.5715234312224,173.2898518374344,169.70767207705313,176.33777625311816,1.6357718217589252
250,176.60183812880922,171.83206263775642,177.73057117171575,173.44397242105552,169.66727652567278,176.11052335892126,1.6357783706389526
251,176.52667014744856,172.06504227446717,177.78012801045963,173.70087485796478,169.70329436958608,176.13998991861422,1.634935181276194
252,176.67728454112617,171.80916755680119,177.7109015071389,173.4417240057661,170.14409699851035,175.88897503240648,1.6362662049918584
253,175.55203180815815,171.9408147298755,179.89873650068634,173.57974503713953,170.13131602415578,175.87890925415854,1.635861614225958
254,175.69729926866785,171.82446121528602,179.91761314636963,173.46569425728455,170.08585704790823,174.5436565819254,1.6069960331770634
255,175.67898873712244,171.99988066710532,179.93114203183,173.67741972799388,170.0700586087295,174.97298584411564,1.6069839307787381
256,174.66423235919973,173.74312656075926,179.0308014708336,175.67872743072132,170.31668389253485,173.4013291137505,1.6552770322594346
257,174.7319315561634,173.7439988455125,179.02318966026112,175.68055194038658,170.26927549049822,173.84622143623145,1.6557617032110235
258,174.72885366141398,174.78674182642501,179.01096826210122,177.6658826382392,170.14570410724622,176.9347331599106,1.6565655493146183
259,174.72757272858684,175.79541060521106,178.97432071919408,179.66383456245458,168.72605223849177,175.3210611525979,1.6557526824604252
260,176.39316336022023,175.29035426137733,179.94610804703754,179.17853815223557,168.71591253771433,175.05659279397324,1.6551112527215766
261,176.41224393742394,178.48811613972896,179.98196191000935,177.27115804916048,172.92573076715416,174.06909168431886,1.6762522988002437
262,174.63667725145882,177.96957645550071,177.97906186581443,175.215894593484,170.26407934840907,173.19667377853705,1.6582390231449968
263,174.37443025911617,178.95000588461392,177.94503408174765,173.32458047928836,169.924987887309,172.14155020915848,1.6250026566916749
264,174.37749793932903,179.61648914306224,177.84383484414508,173.2463477894108,169.49710676873255,169.5417377480964,1.642951756450535
265,172.90794299775885,179.66772645620057,177.74436395820905,173.20330583868122,175.93496781732762,168.28178923961252,1.5928437271193463
266,169.60622853190722,177.93609969222553,176.64090530800578,171.1533349556167,177.8481217272399,166.6631709862247,1.4992007992007983
267,168.8697626971148,177.23847721656531,176.56757765847973,171.15197604738466,179.59134441877399,166.99218839548143,1.4739043007633141
268,168.13673534910396,175.16672348626028,176.50739334671516,171.1243708312384,178.07820549814357,163.33071016042663,1.5639770676292601
269,166.8139970107653,175.04419578507392,174.29183788995093,172.13279391125212,178.1441055754524,165.23517244317478,1.565667187118292
270,164.70230666886758,174.40924633530685,171.90811907785468,171.19817128305445,176.28039376118238,164.0648503681673,1.595493801587049
271,161.38696273776836,172.4649889267682,168.65899648220588,170.0360012685192,176.442617221425,166.9673551873187,1.5950392144360126
272,161.14046546688039,171.66111067540288,168.53003731540247,170.88897928104566,174.53649221062403,164.5464305621139,1.6453643689235364
273,156.1990244558532,168.7323889053081,165.13337827072374,169.9358339372599,171.48795006669988,167.24488051303314,1.6564521439875923
274,154.63162773458419,166.4628821792507,164.0505072166439,169.8954913549669,166.21171040601143,168.58494684185666,1.7389094016719446
275,142.74218166484852,158.48343087223947,157.86980866789628,165.41357220699734,170.14472514500463,169.02730048412582,1.6874754279520998
276,139.76995330077372,153.95691494633496,155.89952153508318,162.95564661752536,173.55227328075114,168.73342205177778,1.6839549112965655
277,136.79107827411806,152.80713453105784,153.97708829927,162.76228943662076,175.37528223212158,167.97632574990678,1.6370150423226428
278,133.46925568023016,148.94855430730482,153.20383698574247,161.49996236993482,175.1442667973538,167.9772067682948,1.7081611853280572
279,131.1123786539453,143.3542173027971,152.349938179657,159.21750956395215,176.61052867785077,166.50356151610288,1.7646140444162874
280,128.89629336032522,136.27255663866427,153.11312385875652,159.0055534372181,173.72742127688127,160.15685548007954,1.7012992897518093
281,125.14105706784004,131.86710402271103,152.67655837916305,157.84281117562992,171.89267098047756,161.64348513273774,1.7582058430756966
282,123.04683978170719,131.0588667332118,154.31458717140265,158.36039118994918,169.46869194084155,158.66963794839873,1.566286710758566
283,124.42287380082726,125.81084805685744,155.07950822331048,157.4836471750565,169.47951171386356,161.97396768468647,1.592357566560905
284,120.62814575308262,125.67739955388379,154.6580661919326,157.34041187331977,166.8048280610436,160.70306639622154,1.563808897050239
285,117.82501638328301,123.80088219706094,151.59145858530485,159.3190064594953,165.82274221736682,162.06016346244013,1.6143749315218592
286,116.99626195386573,121.45066571269825,154.1944108914141,159.73404384790697,165.0548147678322,165.87853713262987,1.5645001965012173
287,112.55305504953918,119.20716674821104,150.70673878571503,159.73597440548122,166.21120893786482,167.38052311272872,1.5937227920409407
288,109.15637918445954,116.85279241474024,148.46348208777488,159.92760764039477,164.3370365274175,167.1397499654555,1.5992868167544851
289,103.20247360686633,117.09588241285793,147.11659111019173,161.09308806008815,164.19613207008146,169.36758677490187,1.6568597253348354
290,98.85312217041103,115.99275647057446,144.844108133966,160.67514855013974,162.74035093428918,169.87476545701082,1.6888484809817008
291,97.94738761469918,110.83533009095665,141.90544236634742,158.73979491700044,166.75299847495987,166.6728090297334,1.710818543569055
292,95.64196838468673,107.00469858417334,142.63960442830464,157.94398276666314,169.5810823816246,169.2667626233833,1.624001358046958
293,94.91572204005594,106.19165343968145,143.9072248722872,161.31379909688206,164.51855924072527,165.5064853025939,1.647339445516758
294,90.69525398530291,101.93940745352855,140.59355326810308,159.53806378998593,168.47882657231995,167.66242089293672,1.764375495413882
295,89.17107380989219,99.53004394255021,142.16894616065647,158.86403028990063,171.5102738603255,163.66782206472732,1.7552691291024343
296,86.69444388597857,94.97458886132213,143.76590498523228,157.7696576855795,174.67216256457826,165.83507652556054,1.6447701634563743
297,89.45029886807006,92.6590853187941,143.94086060970295,157.19973830712885,173.14416617639964,164.78996125902955,1.646460880530732
298,76.83676991310645,89.17755499860792,139.12376300700532,154.9389496769195,175.03690491284394,165.4737206964565,1.64388812230326
299,65.54754183779129,88.29688383149146,134.70589303128298,154.51006541967877,176.41664791649183,165.24071391457366,1.615759384635642
300,60.32416871464096,80.71877358809876,135.09717060805008,151.9604265171838,173.4906749555287,164.18328619274843,1.534145719567389
301,59.59674104272732,81.34670149579154,137.0757786060591,152.71738557760068,176.6566288307337,164.03699765914808,1.6654110673725164
302,57.98852650563325,72.84837088255563,139.63609280752658,149.8952617153591,176.7831872737187,166.4021566812346,1.6126904109589042
303,53.05813546651967,69.79265241784039,137.73964020860913,149.49892104345585,175.2092219601636,169.72415621366932,1.5173644418314405
304,54.007303354252656,68.21148297880758,137.65379483223887,148.14791231259525,175.31842472636106,173.63681079990155,1.5629433753876218
305,54.00023373658737,68.66287106612239,137.61687069279716,148.3003444191393,176.8590281039426,174.78843502437246,1.563395985982798
306,53.35456745355955,69.0391220194117,139.05015735314717,148.5981281699028,178.25135723647713,170.975875140456,1.5630261914620314
307,51.35930406476994,65.95037548282289,139.83161276419284,149.2923974585095,176.70108137528845,173.0521399487903,1.5172303633628066
308,52.182183109577615,65.06953970249654,139.81170037205158,149.857962804822,178.3044197836023,176.7097128044154,1.5629360604033244
309,51.728069087549365,62.6199030422084,139.21877622307997,151.09107192783637,178.24351980208013,177.66229871042876,1.5342468663692372
310,52.06404732131638,61.86447148353608,141.1699020468923,149.64555319446347,176.88331630761667,176.61755909860202,1.5355920675069603
311,52.98170885702336,59.155712145947284,142.8980757886916,150.4900009259426,173.89938088875766,178.65231581214903,1.5162832387212426
312,53.08011826991458,59.80573780799185,149.15205765990262,151.29005254617985,176.75602275342695,178.03162227756707,1.6652147843106178
313,53.31221414693499,61.930996759286195,153.3637453522449,153.261554285059,176.6946965700973,179.18886903129277,1.6641427860020817
314,53.87457067294345,61.94900486950847,155.5795415195719,152.94638923038156,175.18146385017226,177.97237584720037,1.5819026946436017
315,53.34667139047201,61.73486665369811,157.51931373535982,151.81118836479519,171.8905355907913,179.24694900081926,1.5319551067647783
316,53.94508871108859,67.35066663704302,160.93497544226585,159.77665574171468,175.18470906826207,176.37251402984262,1.6889175106843852
317,58.50288152351059,69.74117731075378,169.24791207939165,163.83754936382545,175.34698795111828,176.6308611844315,1.6891983695652177
318,56.749801605056604,70.13656971706887,169.2821524233365,166.97725131556257,175.27774210246676,175.24839280645685,1.7462995712105422
319,57.91730470966373,70.02523727783854,169.20093062595382,167.02001184014165,173.8932083961432,175.7723150148155,1.6329851118312224
320,57.55645671655993,72.36182645987192,171.02494285580673,169.1827058390464,175.3071674744566,177.7284321642074,1.6884007029876975
321,59.12515975629021,71.14051261382633,170.72404500191504,169.25841987532965,175.418987371646,178.60124839219296,1.6319937493630463
322,58.4337245152497,68.62625481985127,171.04773717426355,169.21664952835525,175.3708073446422,179.97854069114396,1.579090410958904
323,58.89018171798131,69.80801385968698,169.7645055892687,169.2397802606006,175.34327466943546,179.9878722853749,1.5779535148634138
324,61.2987034982257,68.7779324171571,171.08117683760196,168.2635512731134,175.4355029789512,179.12609212706073,1.455353373083298
325,62.306371645409826,68.1808671642395,170.59450002819614,167.49730513883293,178.3802876384256,178.95899760142657,1.5474432565068794
326,63.24689315142968,68.05734622275268,168.45649424507653,167.5951018426953,178.3967838299485,178.23314176291873,1.498843820272393
327,63.53531310042694,68.47523555595163,170.05241887505434,168.77871597904775,178.24795879277792,178.17048476138908,1.5463164694161324
328,60.90428213427953,68.4255530927459,169.0208880989165,168.71217888714938,176.83038108360066,178.16908817672152,1.4984669248315745
329,59.584253583932394,69.79987549305416,168.69001132789387,168.98114570593236,178.36781863738793,178.52809094947216,1.469781561126798
330,60.645154883621615,69.6645094665207,168.92143580875313,168.0621539636549,176.90228290504587,179.79091515605907,1.4724954540137603
331,59.82125091361495,69.70854140553338,164.0672057487551,168.02725440647558,178.2632326626253,179.7446863153701,1.517673113186861
332,59.06323654641597,69.6946950974537,160.9341487686808,167.98783784723776,176.91190752527226,179.82089811237825,1.472173191842291
333,59.75751203979895,71.87910224504115,161.7903056844044,167.73655605381236,176.82292370652843,179.57398537378546,1.4714741205229034
334,58.91883032372874,74.56934300322388,159.97592559241113,167.8610887151319,176.8563563276612,179.43586636553485,1.548996173287573
335,65.71575128687847,81.35993856868852,157.03591033295118,167.6921512755677,178.44082319923913,179.8823640403236,1.5984791907122
336,74.18224117355197,84.94842801908632,163.0858162525163,168.68392546587378,176.83120067092847,179.62742500710638,1.5490559620848927
337,72.48590112037522,90.02471511898372,162.56887996620847,169.01305798070032,176.79057858427916,179.1661195523836,1.5495256375102835
338,93.72420243825934,96.09667821847192,173.30103763692748,169.3141357846916,176.74312659469265,178.1390979975044,1.5046839404713748
339,100.55739802958149,95.94788876881968,175.26262840374628,167.62607350798606,176.71531506797726,178.94514044797785,1.5475371023960371
340,104.47491767112723,99.89380207374845,173.65367892292707,171.50758058829715,173.72484760474256,178.9781310868615,1.549540952318273
341,114.90422566407882,110.0782233712032,176.36218670357022,175.07498187825476,173.57384323187,178.9520069118951,1.5479192454731678
342,124.35906988375605,111.24019278904164,175.15552412225222,173.92105317059605,176.76518712219035,179.35817955777105,1.547960514062209
343,123.28861756753047,118.650659872489,179.6635800413705,173.7007198775002,178.36002044013662,177.9992618670476,1.5993299149942848
344,118.48504222376395,120.25411042171248,176.71403899915643,170.66081165091907,178.32289128150055,178.4379199651127,1.6011732197861934
345,122.7818105807153,124.2109654134729,172.56242384908012,171.86013206604227,178.3796924025139,175.95424622116835,1.7183386208656963
346,125.50220910370159,129.1416665354361,173.78782855064293,174.81538156319183,176.8189740446652,175.1161547561843,1.7161299716081444
347,131.72193701157133,138.59969314067445,177.5533403014177,175.91595901196456,176.8913897578664,179.1309217044301,1.632770090322872
348,136.10134514034243,142.39505810887513,177.62938981195444,177.02386801209545,176.7661204995321,179.5046514956257,1.5842071168985143
349,139.4470457010755,147.41031896189787,179.6551502805229,178.9262913120003,178.12111356130887,176.03237997784933,1.6874436996221285
350,139.93020072079727,151.52366470949073,174.9017788875612,179.90126010916015,173.92492834383336,177.15079128295258,1.6352153521988353
351,141.1789808077073,152.43722263917087,175.34252659535906,177.95755498888013,176.66590605018865,174.98189569492936,1.5820607548865924
352,141.75357353195417,154.17213875690527,171.65887148708165,177.9347385674062,171.20098792464384,177.9965527061801,1.6262315990859333
353,142.59220495841006,156.07569551347106,171.8107301109778,177.0111134090753,168.90804149486024,172.33807976318096,1.6784683745679956
354,144.4314834554213,157.41324308054655,172.0462011871709,178.95020366952934,169.70668795069506,173.4549543153959,1.890324770575469
355,149.13485617534377,159.85552007205388,173.19835042062718,176.114656846918,170.07100885870207,175.3739164086596,1.8603754570169673
356,152.79206816593248,166.48286137327162,174.33232103701295,179.93286393315623,170.09048081317277,177.0961553454174,1.768073074264214
357,159.9461847916568,170.34817496841617,176.76332219355052,179.871428407148,170.76280482757394,177.80769298696404,1.7407553582195907
358,164.69848737835034,174.13388908332064,179.02824105355964,179.47353316787996,172.35514446794187,177.6289132621918,1.740421613444273
359,167.6647872588359,179.78515337671172,179.76350179289466,177.46125280735782,176.23140939730817,171.3702491036465,1.6475400846658328
360,169.59050701570433,174.37359325379003,179.6862693954028,175.94943677008402,177.81838661961126,171.0715389596638,1.6467007414557089
361,172.02524533699213,173.63913197125447,178.6820300613677,176.05017167025667,175.11536299518136,171.0183046382402,1.7581889035821698
362,175.7103604881063,172.34625536455033,176.47235977660114,176.03909845836932,178.29049219225288,169.84809919986316,1.6476575954018442
363,178.54027286544522,171.83849671553395,173.23076348366726,175.2480380979114,177.29880410857035,174.44911213373592,1.7072708759867308
364,176.6650919643175,168.97756247375062,172.17003204095167,173.82951815292427,170.89895956658776,177.55649277333373,1.720585575521582
365,176.20935606063205,170.51772407582763,173.1900058124466,174.75397017929168,173.40658669185288,175.54087002309353,1.859474256835014
366,175.44410435978475,168.87345705388992,173.06632903957544,171.85267092486885,175.53824428368804,174.01402796965695,1.8280728736698058
367,175.22131241650803,166.16320762361207,173.4657878346291,171.04781327523202,179.65595542955248,170.71994428253623,1.7431616107353116
368,174.58498955679917,166.86988851934353,173.50756151676887,170.85163815701,177.69816115100738,170.78428076739493,1.6889507399105512
369,178.11858304837207,169.39262900428187,175.6092950806541,172.68203674966193,178.45850525542062,171.32039641105962,1.6056279999175989
370,178.2273952858775,170.31145851404594,174.66804896024118,174.4835893542968,177.26465879138016,170.7384836971218,1.6536581745703605
371,179.8092836701186,171.730310897091,175.66303979571498,175.20991034970427,176.09857980441515,171.0433698671375,1.6242989663397838
372,179.84581508997024,171.09233121334358,175.68987290578414,175.19154903126505,179.1345104674859,173.58154481054817,1.6052878131145183
373,179.07924928646148,170.24233269995116,176.7688961785361,173.4954507417747,176.05154621621466,170.79564806398048,1.621697833184922
374,178.90070716774085,170.3536694694723,176.8858709812673,173.61708127926934,177.99766125876133,171.03972027888415,1.5915751304126566
375,178.94329075139126,170.1620613545696,177.88779097149472,173.42959326788144,177.77512096034908,171.2987427473543,1.5903323518820558
376,178.95535402698454,169.37874134393405,176.86485365701608,173.26276072381467,178.11120389031487,172.27066150474406,1.546151073580145
377,177.32848872908713,170.8358529170648,177.8130046466791,172.58541787192564,177.74524997044264,170.9604701102787,1.5921225614927894
378,177.33592502954937,171.03231813450992,177.7923916787447,174.25073349477495,177.7786303511607,172.42204062757037,1.519009643916913
379,177.3027697311414,171.0560824836135,177.83433404221736,174.2618050316864,179.48063622036236,173.91934990564232,1.5471746698803115
380,177.33580763883063,171.0512341846037,177.78403485899517,174.2706738109906,179.22234227164253,173.95177286155004,1.54631393588648
381,177.20694770633057,171.0558186032274,177.84823658342106,174.2625884494403,179.054126714553,173.60405277560503,1.5469971872778399
382,177.27236898843464,170.09837887268756,177.82372833716232,172.45611588139403,179.03462692592885,173.68394400665224,1.5459664799868222
383,177.17493736572314,171.18718899523418,177.85765399281104,174.41231573147797,179.20536292367478,173.9474657253822,1.5459918044601868
384,177.27706993629798,171.19966612725148,177.82614280401003,174.4403371225601,176.39825853539705,173.9437749299292,1.5463016350232688
385,177.33172896516135,171.88919261784983,177.8171526032405,174.4667586192756,173.35317235322412,172.32582434546865,1.592659771943781
386,177.51092471857822,171.90231698228848,177.74331351978444,174.48818222693143,173.17493646267133,171.45397184709608,1.5638359942714686
387,177.53452128754725,171.73907888074834,177.71688485692104,174.3313344748783,174.839597854071,171.4585168935012,1.5921070773277348
388,176.97394214420157,172.4218068185766,177.69684045826068,174.29952777502805,173.24701053726105,169.99721329708206,1.5948661306938259
389,176.78097314762155,172.35529620620204,177.77136654731305,174.17298790836918,173.48827152193184,172.92355008025802,1.5948506606619353
390,175.22276005086857,174.55810804529713,177.7377542345276,175.10196912129334,178.9379485560198,170.4852243117389,1.6070038108971052
391,171.00560469566102,175.68717853004597,179.05487220488408,173.38734173622885,178.4717123243822,169.34802440889678,1.6562772125820373
392,170.16477362986492,177.13454113739814,179.02797515274438,173.52211902304168,175.54427647839657,167.05934851727386,1.7393499906891143
393,169.6970167002643,178.0404484093319,178.91517763560412,173.67025464007463,172.76744668285434,167.06217292391503,1.659422754032858
394,165.99202716519173,177.3035986683485,178.81325023412586,176.00005599917873,170.91498385558933,173.08201980927288,1.7405394745491596
395,158.5734861799226,170.117082610913,174.13074908492393,179.96331791087619,171.98947563040082,174.52499752725788,1.7982409472170975
396,157.68050041877686,168.16603677994195,174.28738497979134,179.04533760070296,172.07145476491777,174.84123161607687,1.7442291861039458
397,154.31545088570428,164.2692921656989,173.1769436352755,178.02288802539056,172.56095139328153,172.24156467655789,1.8636139717094005
398,154.02146603450572,162.29873184516197,173.17979134824714,178.01481881372612,175.65156702695373,169.2384611590232,1.9985518402066564
399,150.82489729727834,161.61010348128463,171.90925399815012,177.99700468799264,176.6388477017234,168.01036994969544,1.9235808958527187
400,145.80829273441614,155.16939522830006,170.98261762662025,175.88169631142097,175.15036279044674,166.20874813039094,1.7605471866347555
401,145.97690464721273,155.58889744928072,171.89904848189732,177.76598964587987,176.4412874532526,164.5716880670271,1.6677237052221474
402,144.52562759989877,150.9990301359668,172.9516991866335,175.81078047763296,178.05793594977348,167.27204178713515,1.6169934927410612
403,141.39856696466563,148.58292784294693,171.66186229950503,174.77195832644387,178.3161137815063,165.5832597514086,1.6679951540403746
404,140.16387523356443,146.48376715686248,173.87778229815487,174.83919799289032,179.77098232921054,165.17655267587443,1.7860702549987264
405,141.14789780014812,142.2147927743021,175.9735371642869,173.7725531040792,179.831189741885,166.2760696612397,1.751730911471911
406,137.1310488600865,138.93750440918748,176.91898057423538,172.64468082890318,178.45719071725998,171.35088457272437,1.6901956190699312
407,135.521909851348,135.18548128673507,176.94375263302047,173.70439079042026,171.08550877157856,170.2200141595081,1.5611007264539705
408,130.4227355776225,133.865048696983,178.8692760900665,173.83325403075602,169.59014436008636,170.11979888934326,1.5338730927791235
409,126.51272390286911,127.54605021404032,177.4211946118186,171.86002116193305,170.46295721279478,172.88177632493492,1.580387860195025
410,123.51111154817396,126.65404835381064,176.95724608626074,172.6561387675098,168.81679363946904,173.1360403633495,1.6134074293292997
411,122.02904286318122,121.1757970210716,176.9067923967054,171.716174124201,168.94434425210335,171.25002310725904,1.6634254443489673
412,120.9719021354329,120.16368965371728,178.92159746765552,171.7428827103441,166.87247000926348,174.9647815356302,1.6442142191525528
413,122.68561994087813,114.91496596539133,177.53672478364575,172.89650705308378,161.90899398615264,174.46447354985662,1.622816141974653
414,121.5881223698308,112.31799110696653,176.38059615237032,172.84392077645197,163.56497705972356,175.07736497551332,1.6048010875050214
415,116.00422981731985,107.39425937109412,179.79113618938425,173.04712516181158,163.77859534032265,172.3256465074765,1.6231029472590182
416,120.22501772970924,102.37971715824156,176.38671159096072,172.10261641876008,168.49460037892845,173.94311201060898,1.623562364724355
417,109.67625051386977,100.89622111939003,178.54374468114585,171.8976955875519,172.08457771422607,173.62273639354856,1.626328317606054
418,116.81749194813217,98.3561544185947,175.3307982723938,173.20155959413285,178.17835699304604,174.87494293432232,1.6745305729417428
419,106.9154668992576,92.77452436397724,179.9364862943727,171.69314958313313,175.19629051074526,174.02412713096825,1.64479204320156
420,35.556842075378725,90.77123371487,171.23892596758893,171.23892596758893,175.26508113143416,174.23125643138786,1.7085147689506517
421,64.33691526457122,81.7802912106565,164.84185302827302,169.12348771079982,175.0164210191652,171.442255339121,1.6430066061196988
422,60.76658663710846,79.98018240927989,165.22099676955656,168.74536097455933,174.94580851637656,176.04573041520874,1.6436041922469742
423,59.31315573947318,75.19148188506465,164.6344766845389,169.09788868683205,173.74854880006473,172.64104347878288,1.643744794634639
424,59.00499287354237,72.82211717168605,163.80084708881094,167.21147501576206,172.21860905961302,176.11862042859553,1.623258283772303
425,51.595776268084194,72.96941488175206,162.1005398660909,167.14967713138148,174.5395657873843,177.78798246298868,1.6995779062793501
426,54.17418936488415,72.8336414831555,163.78234125634296,166.92150540918874,173.23799220111803,179.070514354252,1.699736183607149
427,57.79312396670826,68.17022656737758,164.80240518760576,167.0991934070714,167.85259148626133,179.03125775457409,1.557504873294347
428,58.475038264553255,69.19673386521562,163.77005328595553,167.13725709078378,167.9645955918481,178.99133087555222,1.5152280810868584
429,59.12077986806521,70.38695744525224,165.24740292836563,168.54471350880584,170.1843601494576,178.21774353031014,1.4855398769433834
430,62.03884210688755,68.40976142640825,169.7707228695237,164.5737049873717,171.4297680083162,178.1387460071525,1.5271610486891378
431,62.829842635227415,66.71145479734814,170.57143861147838,166.39156500054085,169.9356351025809,178.4016482222055,1.4450489251577319
432,64.15219007587004,67.09329128176255,170.76436410013713,166.76427729281812,168.89322433430925,177.27292907044577,1.404657144169384
433,63.533323977624576,65.67464847073595,168.04097382731499,165.62549070816166,171.59533158485738,177.58825733654484,1.3522198032353192
434,62.74219114696875,66.36182345867209,167.0202401230793,165.99007389172166,172.67583875913238,178.41192382792784,1.3890430874966964
435,61.066722673386856,65.67741291642365,166.21569514643537,165.62174010232337,173.1587674403701,177.55988865966805,1.388572722897023
436,62.54021786126783,65.93154719906566,168.0423299728349,163.29381753817796,174.50647190754844,179.99982953793904,1.4418381714148774
437,61.98378326759,65.1980902994079,166.4865947825398,164.62667387388984,175.2639370029297,178.82829374559296,1.4021886895051656
438,61.073047502109084,67.08845908149765,165.39830396098148,164.18408200796495,174.96664341559543,179.22361228354004,1.402732166106372
439,64.08920087614982,65.92166605923747,167.6151347611006,164.2043017895327,174.46470856415337,179.57925672503183,1.4014851485148514
440,64.42649436443999,68.08745361045624,167.44133480640116,164.02209809271412,175.09330730237565,178.84677635544708,1.4866081082472635
441,64.91831970893557,67.94347458992053,168.07378847143295,164.08782252503656,174.5757272686282,176.9385124912948,1.4423418922969342
442,59.58759403857978,69.16440397167587,165.03774502683783,166.04397645427431,174.70165828291096,179.19106092431178,1.4854279010414517
443,57.57068908651563,67.48320296113543,168.37189962763492,166.04466166382554,176.88584442682577,178.90189599444972,1.4873369464421882
444,55.94731850422527,66.73046450393666,166.48147954093895,166.22058727611315,177.06651495782893,179.9565863975339,1.5322099406449428
445,56.584220392536594,71.23412014978238,166.7105920546391,167.89197744093227,178.4263960354172,179.6503397860282,1.580407018773685
446,56.85215287540157,71.22172461960453,167.32250418507172,167.8960461192068,178.16625794990512,178.63339216074098,1.582012322129403
447,55.804376589079304,71.78324514963589,166.02620078438568,167.1444798043329,176.54230571575846,179.6433858369454,1.6345005721018235
448,59.82293246140079,71.93016438079954,167.50693500700902,168.25868844249956,175.6639310569575,177.36565397921274,1.6324742793114
449,63.70425957531984,74.36701390372065,166.64488175309054,168.35667442402567,174.18375355735515,178.55312006061615,1.6116581417509126
450,64.56889118098069,76.76845123917005,167.21578621668277,169.34083848405,178.7460625386272,177.6726860280956,1.613956192210243
451,63.41473629493831,82.92755152021711,167.27268794878154,169.14491494694977,178.28169937530555,176.91164585206207,1.7557995271424902
452,39.267958927572415,90.0764771084826,172.90098090853303,172.90098090853303,174.95728749221036,178.310569305169,1.7098452420151482
453,110.33858250785995,97.57842222092643,178.8668292787511,173.04406653972168,177.34482336237943,176.38938519320797,1.7314580031695714
454,103.52878290295322,99.11786068208905,179.09914482281698,174.12775148539197,175.13796490101225,177.21513782375007,1.7659728752875052
455,110.83421097544306,99.92954985925498,179.1053161614279,174.3770196379653,173.55877165955212,178.25494369246275,1.9222440229634465
456,114.37791975116974,107.19988201150301,179.7257710303668,174.16829308950753,169.72262875768257,179.5641329430012,1.9927061363864602
457,117.13591338619337,107.96947129136045,179.61705883419424,173.92566370272488,172.0722634678715,178.08318314522376,1.9971569466109769
458,115.98919370628838,113.38140668512636,174.84627333370833,173.90420115407625,176.5120521491745,179.88295238550316,2.1517422712548964
459,122.94701037458805,123.44643716965284,174.52146634800397,176.64478375763358,176.8765020533128,177.62568695030933,2.156136252512631
460,125.92753329710466,129.2481183048057,177.1312833620553,178.9020344738445,176.698340460177,178.07344922223277,2.036583615030213
461,128.55151521004856,133.69533795638864,174.79283198128817,178.00464052409123,176.82626231038577,179.7492183696801,2.11428300326678
462,129.05471028536496,135.70789892833142,172.0161392935848,177.95969341035746,175.26453135115528,177.58029427582355,1.9630179375581798
463,130.2965053790593,141.50968456182693,169.75613947807201,178.86087265171685,170.553343729004,177.2126010729872,1.9974829469656934
464,136.31899251211652,144.09967482597924,170.82882746161067,176.93384476095048,169.16203526104786,175.68995643330234,2.105316653635653
465,137.02631607866638,147.5437479862971,170.99610372323068,175.98641064118826,175.2830168275306,173.8403130336097,1.99610224686608
466,138.88699755922121,149.1238463047589,170.66104710778393,176.05390589050626,173.86877156442014,174.30314435712882,1.9641939870071001
467,139.91855312215407,151.4627096795436,170.83938152939126,172.97457078429565,171.0158571666481,175.21399207643248,1.8015997277059204
468,140.96531238957,153.66424870617553,170.86524272874226,175.07825861404214,169.0384246976476,173.03157503932775,1.799062510614689
469,144.7883209375758,158.64425509127395,172.29215638580024,173.5147135774466,167.5972331958594,172.32157304800648,1.8002380412604846
470,153.8540440815388,163.7161321002251,176.68491564534582,177.9671800889928,166.89414023695105,172.74661564399685,1.8620762413841614
471,158.6927346892018,164.64986366968404,178.88282985594142,177.09129516293288,168.4606102500272,168.5960774663907,1.9269374840891742
472,163.74183750974566,171.60687645726384,179.9962501527624,178.97218982087847,172.94003800283332,173.82942027222336,1.9600990609325293
473,165.1231744805727,177.75006662928774,179.87979380606583,176.86917513776146,175.71977014900247,175.18109078138593,1.7320589866340717
474,165.0300016664469,178.1935756753138,179.86922110980373,174.84659866917553,176.38563982579473,172.09449449312854,1.6468233513560944
475,167.7917045708803,177.74778749818898,178.74808020147867,174.55828200684417,176.02677289432813,165.26364020942665,1.730981917696681
476,168.49974413759037,174.5850514470493,178.7113568641521,171.68269343758467,179.13520144754835,165.64215699063914,1.6453085987121665
477,174.1518288180202,171.03475542703134,176.40544848975898,170.6235511490805,174.9259032024191,170.11191529688742,1.646349749052098
478,178.2053165119288,168.14245710602478,171.16904462334304,169.64182423504494,174.56300177876784,169.49291404763406,1.643758827200369
479,178.2683371197282,169.26603931835334,171.3411782251746,170.82304741394293,177.67744425154157,172.088786295264,1.625159357470677
480,179.9849914848846,169.47551532987538,172.53321871036138,171.08023142999843,179.3629453925319,171.80593959224734,1.5969030969030982
481,178.27735040921357,169.58701448292123,173.18453172008242,172.7271899091723,172.49648425115262,173.36511702485348,1.6552122774083384
482,175.7223779557723,168.92451669522796,170.2906239234072,172.73561606933328,172.15012438432214,173.77492280828966,1.6352545095132196
483,178.53016243172692,169.2230668812426,173.50221279367457,174.58748907274452,171.00411900790138,172.26852634808267,1.5620440877752981
484,179.4915031772644,168.4321840420829,174.426990744304,172.98278687146268,173.02365126545124,172.2768078414544,1.6054042925523704
485,179.5374162477898,169.90293508807235,175.48647246365175,173.7826306808174,177.36403111395842,170.9348136764466,1.6244396762337736
486,177.5778797780188,167.59388606760996,174.54739742364225,172.7282287429552,179.73155267669028,169.90041617926664,1.6754923341625685
487,174.9475829219709,167.57375201657982,172.25049317708965,171.87452153765176,179.82108666570295,170.44361945939397,1.729547511312216
488,179.05182272208557,169.1947429075797,174.45187557145098,172.8040228902518,179.95508066739967,168.1603181194237,1.6439234512692362
489,179.63680236738975,170.04365885451057,175.6115384349885,173.61404070003852,178.45626403295756,169.7203353728561,1.6431176283771174
490,178.7225271615518,171.81180029422165,176.6362125313444,174.7501862434459,175.43411265842545,169.70201670014222,1.6639467468327238
491,177.9360817879343,171.72253108876293,176.70937004305895,174.64646348049416,176.40857820901627,169.67566218697365,1.6132808646373404
492,178.0173345519148,170.95430849427976,176.67382559667496,174.47168558124753,177.8653694790843,168.34384660108344,1.5339383827327129
493,176.23231037873927,172.68473921173714,177.69578060209514,175.58658808482056,177.6396526621148,168.62845221957994,1.5317052452750057
494,177.90703236321818,172.56961822137794,176.66649237199192,175.42475248917586,173.0569082729923,168.39044797949373,1.5018204592015436
495,178.7033987207436,171.82999451475501,176.60516552236635,175.30752581107163,171.91566048359388,169.61146358729545,1.5022506741406045
496,176.85639027134764,171.97583798542163,177.72254264030863,175.46960493280974,174.7164130986938,169.81791046307595,1.5030536702461001
497,176.9119372077731,172.73000051472084,177.7319474808749,175.61327760732277,176.459172388295,168.38990490391342,1.5788384921851073
498,176.95084984219503,172.64330252684513,177.7663787443731,175.4975884330286,175.0172702520447,170.94986641103247,1.5497897134846228
499,176.94194163040777,172.73969448697667,177.7700299234378,175.61926349925116,175.04296579706346,170.6621766770395,1.548648737398613
500,176.76107911178673,172.90355268996896,177.82125236696294,175.78423278472317,173.52844569546966,168.07688344207284,1.5797860107542192
501,176.22510845002148,173.54757240045285,177.76893634115444,175.78152268864696,176.1892920209272,169.35486712088496,1.5500882008129815
502,176.22321299064728,173.3052831639942,177.7842266014367,175.47543619566966,173.14314915105922,169.3627369755629,1.5506626763574174
503,175.44763972448234,172.43443681029493,177.7063358641338,173.70836150082624,175.95351169833398,169.4026552894508,1.5311196271801795
504,174.74797218185725,173.23688092064876,177.72890887872836,173.87288079769687,177.58819766191013,168.45486506976735,1.531530957764121
505,173.28847166223585,173.74393244430436,177.69528256587773,173.66198161889577,179.73919221572157,169.3778585314264,1.484537674935894
506,172.55604062252948,175.19042022993216,177.77700838361545,173.82103698159312,178.84744302302266,170.2892597951526,1.5307043150575859
507,170.07023301484804,177.29252455082516,178.78935721150106,174.49448363620584,179.82631658551782,174.32534779584708,1.533105083520293
508,171.1799312889254,176.92441153543245,176.58196157326742,172.6874867020635,179.7922806272523,173.18814328363726,1.5801282402586725
509,170.2777071197662,177.29580668492574,176.67093838504346,172.77454816326735,176.70741876962563,175.51723936129568,1.5641314873737637
510,165.34084590117263,178.72572852794596,177.8065922897475,174.67987473749236,176.58187394560738,174.3522772445042,1.6141306137683467
511,162.7689784770873,171.21391383805135,176.8243131738231,178.85330531853955,177.77314859865405,173.8407461271468,1.665387097870027
512,160.1890163763542,165.56290882836677,175.7648221492661,179.0429733653726,174.97284965117376,167.06259985595935,1.8113468229147043
513,158.33457117795956,163.7157685550527,173.54861401864417,179.95660261619497,173.4228578127951,167.56975474136854,1.667301069421787
514,157.34720729912223,162.43322584108833,174.51259740910004,179.92595029144255,170.37951429050767,164.47795919619148,1.6335876134640204
515,155.01239677132656,162.39011866725343,175.4503728951127,179.90620737172333,173.74057865930126,164.57576074313027,1.5818582614989807
516,153.9765990085522,159.72735309847428,175.6238554291091,178.83414701418914,176.7742940579163,164.06384104920912,1.551295700754041
517,153.1854005856908,154.51366038919963,174.66192515939844,176.79394172825036,175.48413042843185,163.50470592894575,1.600926156563483
518,151.2087033282073,154.83478806682228,174.5658705555013,177.8153885026749,175.20950026183897,166.0587298331102,1.6883996018035956
519,149.70711273015917,148.0133316945785,173.6435936911546,174.8822215463113,175.29461414390653,169.09228569908666,1.8137627374512506
520,146.88186798076165,145.53317243632614,173.83894672923765,174.74957835280455,176.67414088888208,165.70306778945837,1.7771646218825452
521,142.01125707005718,144.48164827759442,177.1730826716182,174.91879715323265,173.89528971066554,168.14916333476802,1.6553653796623664
522,138.4540638837818,141.22051032329514,177.52870367243216,175.36840357812858,169.7803983310034,165.2562229783532,1.5486659727168133
523,132.52127845330688,136.87364165468995,179.4438777791487,172.41671750725345,169.3208015945579,168.17046159262662,1.5812187198173662
524,132.51015528118208,135.6452585874324,179.21208264089768,174.20235874208885,166.1222030962212,165.3237454322507,1.5813922884590086
525,123.95131044887118,130.82247428774897,176.92133044808386,173.58354183966662,163.67707077750774,165.49213046989502,1.6307673174978226
526,121.58134338828877,127.74162429011389,176.21601112330904,173.77798132137548,162.28100191326712,163.6434272548699,1.6314603943585453
527,119.21066340380257,124.99337423852234,176.02849780032946,173.87948927730102,168.3517367148233,163.34419631982632,1.5990104614827234
528,116.21374170167498,122.20094783880485,174.0065413779449,173.94009090550864,170.4191057374859,162.0442615704004,1.6588649568636646
529,110.45502082518352,115.38364957689552,173.20144685727652,172.01071563255258,171.6083663990516,160.64508098548637,1.8777750257459804
530,111.84315993451087,113.95969390921559,174.59719011245218,172.0579588254159,173.53817185367518,166.7557525704242,1.6881104630735733
531,114.78852105793746,108.10238726895223,178.01986560118607,171.9850521168867,168.6138727346023,167.15060454903244,1.6337709114385695
532,114.74574915818745,109.0169794418138,179.07335864342784,173.9800186765992,171.174212282312,169.95087768293317,1.5501961385899932
533,112.63796743753417,104.64145931243849,178.65381695087837,173.14519133359804,170.14940796792655,169.90588482887082,1.5017357977769061
534,119.88588133852602,99.06570317045474,174.01921332682463,173.96423917055364,171.0222432641847,172.56431630178685,1.5018847889567308
535,114.06838477885641,94.44216840682759,174.10482964796628,171.92693035773587,168.27089181444816,173.02403870949067,1.4844716016816426
536,104.1745093439541,91.67817051142448,173.41399937354788,172.97052600378075,172.98560522729525,175.04766838726562,1.634152144848058
537,35.64353896008358,86.5178435653929,172.5660974377781,172.5660974377781,170.26253223063577,174.15802825985597,1.5323403170286003
538,69.57205736987471,81.63747769193556,172.34932180689924,172.5050266769004,173.59267936406104,173.69486109577582,1.6337841511485658
539,65.85765351852748,79.45673460739293,168.52415237090614,172.76809603516128,173.26500285629203,173.2103159201357,1.633014744184995
540,64.41593631932884,77.05299126741262,171.28258480381538,172.74550505107928,170.109720259693,173.31335071714622,1.580896942589974
541,66.16277782015652,73.58377137503727,169.18853159906215,172.9588095255729,168.3941213919887,173.65827787015735,1.4858946761285796
542,68.26516095891425,73.70303466883747,173.6908810627962,173.86483903273006,169.0376545134999,172.40668888914524,1.5324926430749282
543,61.19121954820208,73.47702324649333,171.2679916461063,173.88420986049584,167.58719765993865,171.7833870775576,1.5332504727303617
544,59.364544661700926,72.35170811949037,170.49062895261494,173.8797765734559,169.0753151537582,171.59356360650918,1.5823561643835615
545,57.45189655787067,71.31172514609834,171.36178827352117,172.00528109419528,168.4559266760761,173.56502244645054,1.5815892704521046
546,60.50399353928275,71.32586707582665,174.31991804164434,171.99520214846467,170.62447058554673,174.261773879815,1.5358521875099733
547,58.546965789543265,71.47951164692023,171.66254523490946,171.91047279170954,170.38241023261688,175.31124862769232,1.5846006978734615
548,59.96030870842684,70.54460988536025,172.50725291984455,172.08420103646236,170.5904615731269,175.31461373952462,1.584412735667986
549,59.421729799960595,72.51438599058132,174.39748438241938,173.15198337285,171.82402650984238,175.94764440645667,1.635409472265939
550,60.410258204799085,69.32544864401066,175.68637391058715,172.21120677562263,171.81206876349918,174.73108190410113,1.583477650875769
551,60.510308751598885,71.63716508271405,176.38858203753787,172.08339705606215,168.79722391228256,175.66778179726896,1.614391346322625
552,60.424021848570845,70.50922305616747,176.76916863828967,172.0442533496613,171.8174120737915,175.07382489631408,1.6334996210450097
553,59.86176399359417,71.60966066913093,175.9500177200617,172.05353401155764,171.8284388747169,176.27662692000524,1.6348616788775787
554,59.15274605973704,71.62940449231186,174.80976666257115,172.03988833486767,171.83460897867067,175.93203343003844,1.6353338317587642
555,59.139792180339285,72.59532635166366,174.6131409021182,171.89847553565798,171.82814735671766,175.64790613776862,1.6339872980652768
556,60.80954770690403,73.84912510731172,175.41770245542085,172.07067177358024,170.53882782627684,176.02042135060495,1.5815257876517237
557,62.576782607404596,70.51952692636809,175.73411106025827,170.94555554102587,167.56760088851567,176.6039390143799,1.5356432378378955
558,60.855818931816884,73.50930615495591,171.9287579123593,172.58881301709647,169.00346935713884,175.06742317842614,1.5802239418583028
559,64.99206884710055,73.66082241719958,174.795475547108,172.73101024243738,169.6591872838989,174.72079448171482,1.582335083239262
560,66.02140348764505,73.50585967595572,175.16859845574064,172.71695859726054,170.8440014919128,175.9963798203567,1.5849193282844902
561,65.27611607054963,71.57346094742296,174.3447326873368,171.71807238894138,172.53921444195257,175.43349807703018,1.6342388228636102
562,66.08399889007067,72.5425840216703,174.35294156850927,171.74505666073378,172.77253957214006,177.03558010035107,1.5837987294411955
563,63.49150573779577,71.3618201961276,173.08800790620313,171.8941186643883,172.7170934447871,177.22787910546512,1.5332433667343204
564,70.1002740973406,72.77009209904381,175.56600416938045,171.9390308936943,172.4828194959875,176.70791881558438,1.579954436923615
565,69.58398201742213,72.94086197164992,174.32202140088634,170.80220755689356,170.5578624516452,176.75305511512408,1.5307600924924158
566,69.18096138565414,80.12756758894828,179.03420701401987,174.402993570802,175.15929314274746,177.5594487381518,1.7828142043388684
567,75.01648888621877,82.53294842189466,179.35778505226614,173.52915237578694,174.9507037397622,175.7324256108264,1.7823662743481905
568,93.07103901199805,85.71795123951618,174.22629324563547,175.1999199103658,172.08142537262106,175.70563674631344,1.6342291756288627
569,98.04365822232552,90.28896354616307,174.50112844088233,172.95004495236455,175.13162796903006,176.04667584400653,1.7488612134134534
570,98.02775090423594,94.03264938437593,173.77370125307687,174.12005877059397,173.00659723053002,177.04415969216183,1.6345044810278595
571,101.58348341415635,94.68306120453423,176.9716317292036,172.8788671918465,173.4988165791912,175.29732200674513,1.6891735256582887
572,107.7558179873425,99.72396684601306,174.01278373415812,173.18330172357864,169.87145271653102,176.2135606711234,1.583807098799308
573,111.36382607863845,104.23371874271652,174.0225456550005,173.43217274908537,169.61324932856638,173.1935483720265,1.6364234205632906
574,113.9151253366046,108.71217744373843,177.04515334286975,174.032399485303,172.41437248645886,172.05595312546237,1.7485479392256476
575,114.63206494487156,111.59904294845678,179.5346364382683,171.31089800077118,167.17366024402722,170.03000587806847,1.6923600676183295
576,120.04623408787072,116.71533490140061,179.03011707166442,172.38577309460769,176.8525753104055,170.7497951163288,1.8853398210641976
577,117.89834868302523,120.10334399131226,178.26995977909863,173.27000754222152,171.58206515198086,169.11905541708796,1.7517237193493556
578,124.98616007637455,129.44283000380642,179.25818947822293,177.15702811870878,173.83089489080848,169.98367452562647,1.8142063452159465
579,133.56806578142417,133.70847367813775,173.42041368367697,177.16090931443287,173.3429922835776,171.10860912783264,1.8153844217627146
580,134.89665084327314,138.2871800167931,174.639283325414,178.8323546468426,171.22190327264383,170.4142606184497,1.750373039269208
581,136.96042395528897,139.898856762997,179.18060316226234,177.0646220636234,175.43241405432667,170.4349590130415,1.8848775265054563
582,142.63058778170642,147.20693331924437,177.41125650759994,176.8905435870314,173.9966372172764,171.85092865505837,1.996365214560843
583,143.5140796514865,150.40060256783536,177.46762232819304,178.88713041961478,174.04049417402882,172.17818035687108,2.0005623634960714
584,144.13292059211875,153.46480637370178,178.04827967911464,179.88928794803417,174.04084290777587,168.10596203641205,2.0361854146612615
585,142.31235140946262,150.19019993815618,173.4898380973087,172.95097734407335,171.0437813876822,169.0214719524097,2.039054430396295
586,149.06986639350686,156.31831539219897,176.6100138803417,172.97710119780444,168.0017942805146,171.1378819882997,1.792835310512818
587,154.57368350111165,160.20467081129573,178.82465614535613,175.01877473488685,170.73295209210005,169.95156933983986,1.7585160360444831
588,159.6868047078598,163.85628473710833,178.8782241260862,175.05828080697532,176.75725635837748,171.49893136064358,1.85092175750107
589,163.7745374975117,169.70292566945295,179.9991257507941,177.1834354531536,178.33109038908734,174.01105903947536,1.8501301412063527
590,166.8217931062303,179.9361433344126,178.90886116340448,177.76395539732331,178.33121719340866,174.33536107094366,1.6327682337906142
591,167.8575304500453,177.4570390182694,176.86191218946811,176.83483178963013,178.19826967866706,169.2626360487227,1.6135987278609427
592,172.77851434136056,176.57882360828202,175.8680255563214,176.5549793357016,178.0463878386023,166.72755097158088,1.6975520915816398
593,177.01119277098624,173.09265979182032,173.6786017877861,173.179848294363,179.67742349619022,167.03748664582008,1.645482162245155
594,179.74923874440768,170.92876171327686,172.55117735811615,172.89730346872503,176.12510717436857,174.9156745162139,1.5773578295500217
595,178.4825005944643,170.16258791022406,171.59604398780738,171.16631931390322,176.48594132468008,173.78715199675642,1.7065550448675866
596,178.1863118168718,169.52327752399384,171.4603453931201,171.1753099030091,175.1066985942931,176.52448138759885,1.6871817766297823
597,178.22680067144046,171.0535654766353,171.4787089043095,172.09239030735878,173.0808937707503,176.80620743037056,1.6571808086711644
598,178.49269993726213,170.20202183169332,173.550403950165,171.89631867118268,176.49082452759154,175.7254648980639,1.624831509568134
599,178.51921815953284,169.78499709784887,174.45620062153398,172.10450695516957,173.74900000906524,178.71104685686518,1.6050291132065757
600,178.12314830934554,172.34931715924117,176.56557915835353,174.92979672594186,176.96361714248292,175.8942276913195,1.5455107529651801
601,179.0429691513724,172.18958078811744,173.49173805305008,173.8608513331301,176.97918814765958,175.63472118921192,1.5450171538073205
602,175.56282990179335,171.2360971828649,175.61542761173578,172.8592788343651,176.96687098528832,172.91571741315119,1.5449749623920692
603,176.24546975902672,171.23438115253953,175.65081708753291,172.87486066209306,178.69066979244917,173.1652309454139,1.5317156055859393
604,175.22856638348915,172.22558985460222,176.69453490813166,173.87747472983878,179.82201734663408,171.81738655804602,1.5313568137910538
605,175.13044508527136,172.20263581817736,176.7001298524113,173.79987335153476,179.96640661451173,171.04028101199683,1.5332377005631705
606,175.88303682725308,172.20408252597704,176.67223180840742,173.7946076247063,178.64636215491547,171.0319211680259,1.5797699890470958
607,176.01467655356487,172.2081698892435,176.62495602729976,173.7922592379752,178.8290790477466,171.011338908987,1.57968760269021
608,176.75335911533344,173.00350628875483,176.6356705698718,174.62069016956934,177.50339981027386,169.90996385139832,1.580992786511434
609,176.67562368186785,173.0189774448757,176.63135713086763,174.66213209322922,177.38433475099853,170.26808529933396,1.5799666987994037
610,175.97695064805808,172.38621595081182,176.6767323238209,174.65444032657624,177.31070280122634,171.14546640212657,1.4575544609550513
611,176.65731164733938,172.35960639268623,176.66962902585632,174.64888109743632,176.04299673202786,171.47657281043453,1.5016030404688099
612,177.30642064920872,172.3982632265123,176.72994975665895,174.6609785362541,174.83907585849246,171.4845255024913,1.5504592183424306
613,177.30850303361336,172.54555326072122,176.72365545523053,174.8505390597578,174.6831783663406,171.43762685807286,1.5494593380588757
614,177.3872837896435,172.39133102384108,176.65872701933796,174.64721841373887,174.90480468585415,171.43341661495774,1.5501518091041622
615,176.64348780432442,171.7225777339809,176.68584635774204,173.08089082453796,176.06601887249855,171.42701847174138,1.50143360801971
616,176.63900145756318,172.55202909201375,176.6526859902113,174.82345213066932,176.02247611642508,171.6917509704838,1.5013745740943203
617,174.76296758269777,172.53989711237801,177.70716990146428,174.8076116857171,175.74208735990922,174.27496984068136,1.500323590260464
618,174.8338545060781,173.22139914954303,177.718732056506,174.82131170009876,175.86613348057404,170.46182664266138,1.5495524121533513
619,175.01682458025869,175.31782052899604,176.63759703979613,175.67431103099358,179.66336132783056,169.22642715993865,1.5299438982745275
620,172.57513710069168,174.5117916405528,177.75608909625652,173.9205819547492,178.75936125121012,171.65215066198084,1.4849486957596747
621,171.9455330279354,175.22816361067188,177.68952139299958,173.9274165360729,179.80851976761534,173.01524069881532,1.4876700461019607
622,171.9149938083161,177.42758857435825,177.69411347553773,174.7926691811811,178.0518022392617,172.26086038069855,1.561959868351204
623,171.29818672581033,177.98032932898974,177.65941994374057,174.68503515774512,177.89284040373556,173.3412558130462,1.6091176695884353
624,169.93025245928928,179.0016486934006,175.50816997181838,173.93093166986327,174.93430097560406,175.88196350037205,1.5969070628804969
625,167.7830390246101,179.8229940860302,176.64503599827302,173.84558525522044,174.7907354323964,175.28830726547326,1.6138353188968604
626,162.5909826348729,170.48178340892906,176.9222075751726,178.9526573919758,176.17399380656104,171.97634775108966,1.7236990022951881
627,160.3434767484008,165.07526411673766,179.91299503018894,179.0728066113479,173.33144824795514,167.62753583666853,1.8876046985436512
628,157.36771493460503,165.0952663881855,177.9863691995859,179.09641859455294,171.69890050415245,165.03016543332626,1.784438760047037
629,157.52366612210287,162.08321025478236,175.79090607721352,178.00511296878125,168.33769053811878,166.38807589197305,1.7262879943668574
630,156.11353414194335,161.99924943341588,176.82886681664266,177.96114108234354,175.0148033478613,165.41372228762603,1.5819844716410048
631,153.17285450739885,158.84784435320572,177.93006153897903,177.00128009343928,176.6980629106256,163.92791972762737,1.5828748998034496
632,153.112904058287,155.22134141962763,177.98021102452986,175.92744966375042,173.99588482764884,161.0582203034512,1.6600849406354128
633,151.46973835036584,153.5640319784789,175.9348635266649,174.84981435477434,173.58189740099124,164.44878760211637,1.584489419615419
634,151.37812345165875,149.48291174610387,175.8432874764408,173.77307276158518,176.56723352826458,161.3045636746692,1.7502364725570565
635,148.44374720070874,145.24330215104945,176.98517527009705,172.87552575729148,175.3720824648602,162.1054335349623,1.812410519177153
636,145.39308915247346,143.8422769339475,178.26535393340993,172.61536609755692,176.75467714228907,161.72493332806874,1.81303479211429
637,143.42714731536938,142.73657420206703,178.23686124421545,172.60312258873364,177.01650477764954,163.5011219841017,1.7778559847161286
638,141.60782093296987,139.32541631792577,178.0341284908807,173.42102193519798,172.60372399176998,164.87639871174048,1.6881278538812767
639,132.7731364570183,135.72767377519673,178.43148939642296,172.23341071376916,170.71265609108292,167.32809821055943,1.6878716928119863
640,131.74631836152992,133.44881189309692,179.86078648198205,174.75694034983974,168.1969556422334,166.20993039221875,1.5487704603510473
641,128.06586846173056,133.63244212023665,178.9288520798331,176.62057333387034,168.7064230636901,168.5244505114658,1.5839921816664484
642,122.91425727600407,129.12605969641106,176.12485839385135,177.73734626832356,166.1755306774423,166.90857793308416,1.5530015155841579
643,118.41603085129273,128.4393310953873,175.77173371820842,177.8134351501413,169.5566321520429,168.83502892662835,1.5490748454421885
644,119.55734469080205,122.40101205871655,177.35556655748908,175.96168831369573,166.2740688681624,168.42514470165207,1.7211433788671586
645,114.9007240353618,118.08867236112445,178.51506391386744,178.1843059555529,163.28523676566087,166.4298668961858,1.8223917585888527
646,118.91794812450328,116.2963562750358,178.3837515404232,178.33390621044364,164.64946854136426,166.50761836646814,1.854664563872375
647,116.41109198020906,111.87631135195747,177.11762121402703,179.39180620262084,163.26892724400332,168.0097940583026,1.7321614642323198
648,119.6370183269337,108.9332516779268,171.30350847406132,177.70309377045038,169.67003409761074,170.41518201785482,1.7313904136721188
649,113.80429219897137,106.95409214789186,173.6772641719459,179.74952958346333,166.04325756383852,166.57131698764988,1.8207633031976216
650,112.2105893738753,100.5738809560568,173.5666176587905,179.98312245258916,170.00937961966264,164.2075655541813,1.7222664295075847
651,95.95761220573291,94.81998385182125,177.0414856551079,174.63732296490122,174.39567401198312,166.69890189523636,1.757554808244377
652,103.52020451431406,94.26701498739149,174.04970745580337,175.27952022516556,174.70870898474612,166.43244003182346,1.819985197947128
653,76.91163472511977,85.18640679889835,177.3110220231702,173.51946587471633,176.8370644439319,166.64589085399126,1.7247383901472972
654,69.25656523646306,81.95304463414686,175.87646895162004,171.740321495075,174.68910196045329,167.9260799663355,1.8188476976995174
655,66.61081658021166,80.26659104671828,177.33428851717713,173.379436905932,174.57390076021383,168.85893668744254,1.7253759684924925
656,66.80092855394962,72.85770848600839,179.92350010566406,171.2382523542108,173.09598706411887,168.61245623737256,1.562791339711394
657,66.29866206762266,72.74238927419256,178.41291361974302,170.81472472745887,172.331869179245,170.2949661565884,1.6451821489632197
658,63.269757922089,71.20184853920541,177.26171660488689,170.57331152753727,173.90447553447888,170.36495618951102,1.7326897583194534
659,62.20918064249215,71.20643057077434,176.60621891045142,169.73408401860405,173.6917794473453,172.43477539002106,1.7920013112604458
660,59.50541574326334,67.17720488439872,175.63779792924979,168.91615840093453,170.32820455196543,173.4068874451266,1.7065065043143106
661,65.09819001977091,64.16126579187971,178.23450758008198,169.90995424623247,167.37711115712167,175.71275005630702,1.5148246406810293
662,64.47254771425048,65.09184111782288,176.06566203511295,169.7075560672391,168.75322894985817,172.95805700464044,1.5572227772227762
663,62.721512069162436,63.92444064020321,175.0975643523169,169.66583002649085,168.48848732522083,172.5096063127667,1.558280429892525
664,63.23128206718392,66.22037094141609,174.71089591814666,169.6476656475129,171.45714428829,173.3818849061503,1.558327586034563
665,63.053459294605474,67.1997393670205,173.40954114179434,169.40287316115,171.8472443978242,177.08980688705157,1.6055320902441552
666,63.01724175118153,65.04253396468863,175.35852346172757,167.56957437870253,171.27942620312277,179.73276472431763,1.531253438428377
667,63.44482131147742,65.49142052520841,174.50846069969282,167.7086710859308,170.10787201393825,179.78977471036657,1.5573549257759798
668,63.400132640275466,65.50629089391369,175.52236145209636,167.66915035957356,171.85262989718672,177.1164787368878,1.5294035326222775
669,62.95083472708937,64.76672177259995,175.6683091974694,166.71549245510636,174.50440904349549,177.1717061520707,1.6235371507994611
670,61.39918484567938,63.35971582965137,175.3520307432372,166.74030794327297,177.3285038394497,176.2154051050491,1.6757322175732228
671,60.678167245685785,62.140278476168,175.7596438288214,166.94471771397107,177.18555564080668,176.90281900644393,1.6243032329988862
672,59.35498270516499,61.48772913083094,175.644446302214,165.9737682353962,178.74449206453554,174.44706990167614,1.6777201276833804
673,58.56322136450279,64.19913870540938,175.8325676829949,164.77283607392278,178.45247560359093,176.1805335752276,1.732323861512849
674,57.33462344700142,62.13001116594297,175.22023908219373,163.83135473256112,179.97266065180818,174.5385415070524,1.6464376185724157
675,56.269018597845246,62.15002220899902,174.86499718789668,163.8036761124411,178.21967034409866,176.93308007619015,1.677908290286141
676,56.8535986446733,64.07320996651117,174.8997431051851,163.53554359578823,179.95087145160213,177.25545503564035,1.7311591906938857
677,56.86166515644504,64.04172184782435,174.91246432495996,163.5149732269534,179.94223887037154,177.29425289746365,1.7305295774010794
678,57.355120449386625,63.87822159611827,174.5229882177958,163.59376687642427,179.79147394124405,178.7417526889369,1.6763768227084
679,60.58369399336088,65.00380084797638,173.87607661176668,163.60204087795253,179.9849069491834,179.07937785648502,1.67589651471007
680,65.37314613812275,66.1705878916434,174.20952006596062,164.45808710123146,179.94170141511935,179.81139864037792,1.6268886833179153
681,65.83566725270349,67.27572361886999,173.47835993625685,165.72200391153612,176.73091712737775,179.8073441374464,1.6270807849811206
682,65.51296501338182,69.1687640478852,174.76980050480495,166.13806792438234,177.25906878504404,178.07143427762693,1.6253296189179998
683,65.96334434011597,68.6477341768969,172.93989396857876,164.59266383946687,176.8824743044025,179.46004086488276,1.6424933460388396
684,66.68006321174369,73.96574003859195,172.36996439240983,163.98345679681373,173.3179555912165,178.42368150110357,1.614817658349329
685,66.25204832087283,76.31585945108226,168.827550915549,164.8568137765245,171.6763346657539,178.12950587488186,1.6121103248844402
686,82.47525372563133,84.89474199941506,171.0211797253467,168.35811516062876,170.4982438607457,179.44234159060719,1.6135511457077092
687,85.97650194806764,88.96790120282317,172.09474935760227,165.60119257327116,171.90608579419185,177.2027911345767,1.5633751938972833
688,98.96612927101988,90.88888078348172,178.80010418809192,166.3323922499204,170.49538863749495,176.9481273514464,1.6108019281332149
689,100.52900075378768,92.34822112799301,176.43191054479922,166.25103004957828,167.3199506627909,175.01601521297846,1.5652460340229315
690,105.49479139528768,104.0298144803281,178.45742813585161,169.0952621503945,170.59252426590731,175.85689371053618,1.698332748531393
691,108.32260968477833,107.13664840349571,175.51789916135746,169.47460488288183,176.69613144865443,174.9543131512876,1.648132306814941
692,110.57707643244768,114.89748613069969,175.3666084818326,170.33365850876837,173.5978448525749,170.90147034191818,1.6802405988628637
693,117.27342557214094,122.02985747539427,175.70523890029986,171.6100731490619,174.98854450117966,173.2559226596724,1.8317315855604985
694,118.26442013105681,125.92086965198328,174.74532914912916,171.69909558319088,178.1269272477405,172.93513998722338,1.8083472307557276
695,122.16532256813669,130.63530270699607,174.07790430131735,173.88773469153878,177.96387336931213,170.47797748932877,1.8685917057796522
696,133.7273601384273,134.84249873466865,177.24686228227745,174.71034812454468,168.29939568936393,168.08780740029678,1.9977568688313871
697,138.62596845027497,137.65921954403538,173.9057060510551,172.27143020218608,165.97789568319712,165.10291395257428,2.0689611857806796
698,138.7368235596087,144.23109783928928,169.67807953026997,174.46690517472334,170.99067240622315,157.84344136268706,2.075712085215258
699,141.40271363449338,149.64093537134383,167.5600458726632,173.59660895702186,174.8909304118424,157.2204649498203,1.8876381909547757
700,147.15057183212303,155.28025720085847,170.8919604714535,170.74466541547366,168.82781115618127,164.03523563722445,1.8602204643325215
701,159.20235032637112,163.69562821191823,176.6394613449809,172.964390121291,164.54219625530433,155.1713284216982,1.7678605804617853
702,160.37882044542582,168.41777742800434,175.68164403330988,174.98289241128154,171.12365038507738,154.64367828538747,1.6342249983026678
703,165.20186421714305,169.12977889912503,177.87842861151663,174.12288542026522,168.97355418581424,158.49191718777936,2.0371898668059525
704,167.5982651441701,172.89918928801157,177.9138929122836,175.99298209384716,160.3673590506697,162.27532642648143,1.960340014586426
705,167.60515375567604,175.52870780882165,177.91876865482578,175.1778005357623,168.33693239022793,165.32018101333654,1.5526902260426605
706,170.12609669474224,176.42039984339937,178.8747591897842,174.90218548210493,169.94300633756046,159.79658403877926,1.574810295436157
707,170.20182763678838,177.31619327273205,178.93624883473694,175.062518561852,172.03269128036683,154.72431860929586,1.5028896207372782
708,172.97724026358065,179.00602026428885,179.95277728696675,175.89960663051923,104.71690075361933,151.74112379569357,2.2585840436487947
709,178.6932852231052,178.66519626892617,178.05502265033863,176.91814155663175,112.73652796820232,152.72173295906404,2.3456395484988994
710,177.6779526547985,173.1660731011735,177.09883067629528,179.29760334806986,119.57043780710775,154.87202266760417,2.4260717834379455
711,177.84531248566134,172.82451730924237,177.24554329632204,177.63027307351248,121.05623523283971,157.69321707637405,2.334084730403263
712,174.4136716944784,170.39204383632392,175.1549800997052,177.80388733599213,120.04968793397965,156.97284705300044,2.263082161687171
713,175.40505812948277,171.01548756504488,176.2347169122967,179.8566305849449,124.08440956481877,157.47020863770902,2.299838035586867
